run_id,task,model_key,hf_repo_id,revision_sha,family,recipe,finetune_method,total_params,trainable_params,license,best_epoch,train_time_s,peak_gpu_mem_mb,latency_ms_bs1_median,throughput_items_per_s,data_fingerprint,finished_at,test_ndcg@10,test_ndcg@5,test_recall@5,test_recall@10,test_hit@1,test_mrr,test_spearman_plausibility,test_overqualified_top1_rate,test_underqualified_top1_rate,test_heldout_ndcg@10,zero_shot_val_ndcg@10,val_ndcg@10,delta_ndcg@10_vs_tfidf
task_assignment__qwen3_0_6b__generative_yes_no__29e6cf50,task_assignment,qwen3_0_6b,Qwen/Qwen3-0.6B,c1899de289a04d12100db370d81485cdf75e47ca,generative,generative_yes_no,lora,596049920,10092544,Apache-2.0,2,19259.6210,3365,1249.7982,0.5586,7ba294912a0820ce,2026-10-03T06:06:06+00:00,0.8234,0.7649,0.7095,0.9029,0.2880,0.4976,0.4569,0.3460,0.0980,0.8195,,0.8126,0.5913
task_assignment__e5_large_instruct__bi_encoder__7b53f1e8,task_assignment,e5_large_instruct,intfloat/multilingual-e5-large-instruct,274baa43b0e13e37fafa6428dbc7938e62e5c439,embedder,bi_encoder,lora,559890432,7110656,MIT,2,19441.0389,2002,213.5881,27.2080,7ba294912a0820ce,2026-09-30T09:55:13+00:00,0.8214,0.7667,0.7089,0.9014,0.3040,0.5013,0.4529,0.2270,0.1205,0.8149,0.2915,0.7994,0.5893
task_assignment__bge_m3__bi_encoder__c2a0b06a,task_assignment,bge_m3,BAAI/bge-m3,5617a9f61b028005a4858fdac845db406aefb181,embedder,bi_encoder,lora,567754752,7110656,MIT,2,7869.1521,2016,82.9694,28.5236,7ba294912a0820ce,2026-09-30T15:18:57+00:00,0.8046,0.7463,0.6889,0.8851,0.2775,0.4794,0.4465,0.2365,0.1205,0.8031,0.2392,0.7992,0.5725
task_assignment__minilm_l6__bi_encoder__13f22a09,task_assignment,minilm_l6,sentence-transformers/all-MiniLM-L6-v2,1110a243fdf4706b3f48f1d95db1a4f5529b4d41,embedder,bi_encoder,full,22713216,22713216,Apache-2.0,2,541.3994,563,9.8781,580.8972,7ba294912a0820ce,2026-09-29T15:36:28+00:00,0.7709,0.7102,0.6578,0.8584,0.2530,0.4459,0.4370,0.2075,0.1395,0.7709,0.2735,0.7627,0.5388
task_assignment__deberta_v3_base__cross_encoder__63dca8c0,task_assignment,deberta_v3_base,microsoft/deberta-v3-base,8ccc9b6f36199bec6961081d44eb72fb3f7353f3,encoder,cross_encoder,full,183831552,183832321,MIT,2,26583.0575,4146,361.5264,2.0543,7ba294912a0820ce,2026-09-30T02:51:46+00:00,0.7665,0.7026,0.6436,0.8458,0.2430,0.4442,0.4360,0.2570,0.1170,0.7663,,0.7514,0.5344
task_assignment__modernbert_base__cross_encoder__bd5ceaee,task_assignment,modernbert_base,answerdotai/ModernBERT-base,8949b909ec900327062f0ebf497f51aef5e6f0c8,encoder,cross_encoder,full,149014272,149015041,Apache-2.0,2,3667.5664,3011,165.8441,4.1802,7ba294912a0820ce,2026-09-29T17:14:26+00:00,0.6979,0.6208,0.5693,0.7943,0.2145,0.3982,0.4086,0.3355,0.0980,0.6990,,0.6882,0.4658
task_assignment__baseline_popularity__popularity__b008d7ad,task_assignment,baseline_popularity,,,baseline,popularity,none,48,48,,,0.0126,,0.1541,9172.2081,7ba294912a0820ce,2026-09-29T15:20:02+00:00,0.2881,0.2196,0.1740,0.3477,0.0580,0.1960,0.1322,0.0860,0.2010,0.3398,,0.2944,0.0560
task_assignment__baseline_tfidf_cosine__tfidf_cosine__f7f8cc8b,task_assignment,baseline_tfidf_cosine,,,baseline,tfidf_cosine,none,50000,50000,,,1.0712,,0.6546,4282.6552,7ba294912a0820ce,2026-09-29T15:20:06+00:00,0.2321,0.1636,0.1708,0.3214,0.0195,0.1199,0.1385,0.4575,0.4050,0.2648,,0.2477,0.0000
task_assignment__baseline_random__random__12da73e3,task_assignment,baseline_random,,,baseline,random,none,0,0,,,0.0000,,0.0753,22753.1286,7ba294912a0820ce,2026-09-29T15:19:59+00:00,0.1515,0.1078,0.1076,0.2103,0.0240,0.0933,-0.0027,0.3015,0.3230,0.1575,,0.1543,-0.0806
